model,support,ZS,FS,FS-R
gemini-3.1-flash-lite-preview,102,0.937213,0.943003,0.932351
gemma-3-27b-it,102,0.744244,0.873459,0.80888
gpt-5-mini,102,0.885546,0.948927,0.926336
gpt-5.4-mini,102,0.889952,0.943784,0.919972
