model,support,ZS,FS,FS-R
gemini-3.1-flash-lite-preview,57,0.233987,0.20882,0.256976
gemma-3-27b-it,57,0.152778,0.405794,0.397465
gpt-5-mini,57,0.06015,0.305984,0.24765
gpt-5.4-mini,57,0.073016,0.057143,0.186032
