model,support,ZS,FS,FS-R
gemini-3.1-flash-lite-preview,101,0.920572,0.933773,0.934741
gemma-3-27b-it,101,0.785128,0.883524,0.817185
gpt-5-mini,101,0.933993,0.937479,0.931562
gpt-5.4-mini,101,0.896299,0.937927,0.924117
