model,support,ZS,FS,FS-R
gemini-3.1-flash-lite-preview,57,0.100654,0.218056,0.316556
gemma-3-27b-it,57,0.208658,0.227183,0.320623
gpt-5-mini,57,0.137566,0.203206,0.297927
gpt-5.4-mini,57,0.066834,0.028571,0.124127
