model,support,ZS,FS,FS-R
gemini-3.1-flash-lite-preview,101,0.851523,0.86328,0.934622
gemma-3-27b-it,101,0.652319,0.764874,0.782337
gpt-5-mini,101,0.945479,0.945479,0.944299
gpt-5.4-mini,101,0.929453,0.934007,0.909983
