model,support,ZS,FS,FS-R
gemini-3.1-flash-lite-preview,57,0.088889,0.227412,0.218773
gemma-3-27b-it,57,0.060606,0.259525,0.427428
gpt-5-mini,57,0.199833,0.237611,0.229038
gpt-5.4-mini,57,0.05042,0.140336,0.118571
